"Company","Industry","Type","Location","Profile URL","Source File"
"BFPE International, Inc.","Machinery, Equipment, and Supplies Merchant Wholesalers","Parent","Hanover, MD, United States","https://dnb.com/business-directory/company-profiles/bfpe-international-inc.d5ee50cfbe87597a582e407a4f4d82ce","dnb_fire_protection_companies.csv"
"Menlo Park Fire Protection District","Justice, Public Order, and Safety Activities","Parent","Menlo Park, CA, United States","https://dnb.com/business-directory/company-profiles/menlo-park-fire-protection-district.407f179cbb9b25dad4e78caa338893a8","dnb_fire_protection_companies.csv"
"Jet Fire Protection LLC","Other Support Services","Parent","Salem, OR, United States","https://dnb.com/business-directory/company-profiles/jet-fire-protection-llc.96f70523c34f5c45410fd6582700f33a","dnb_fire_protection_companies.csv"
"Orland Fire Protection District","Justice, Public Order, and Safety Activities","Parent","Orland Park, IL, United States","https://dnb.com/business-directory/company-profiles/orland-fire-protection-district.7f6cceae09737a9ed6c898ea125d254e","dnb_fire_protection_companies.csv"
"Bison Fire Protection Inc","Other Support Services","Parent","Springfield, MB, Canada","https://dnb.com/business-directory/company-profiles/bison-fire-protection-inc.5e41d0cd517a1afd4ac40b081e3179a5","dnb_fire_protection_companies.csv"
"North County Fire Protection District","Justice, Public Order, and Safety Activities","Independent","Fallbrook, CA, United States","https://dnb.com/business-directory/company-profiles/north-county-fire-protection-district.d2b5da4ad96c9f2de09f460bd7d75d85","dnb_fire_protection_companies.csv"
"Metro West Fire Protection District","Other Support Services","Parent","Grover, MO, United States","https://dnb.com/business-directory/company-profiles/metro-west-fire-protection-district.f2bdf5ac56728eca1357aeaa31e09d23","dnb_fire_protection_companies.csv"
"Sirina Fire Protection Corp.","Building Equipment Contractors","Parent","Garden City Park, NY, United States","https://dnb.com/business-directory/company-profiles/sirina-fire-protection-corp.e9381b99cfa1f51a49fab2b1c97811d7","dnb_fire_protection_companies.csv"
"Plainfield Fire Protection District","Other Support Services","Independent","Plainfield, IL, United States","https://dnb.com/business-directory/company-profiles/plainfield-fire-protection-district.c79a81ea1ea3dcdd842eda59c9040558","dnb_fire_protection_companies.csv"
"Guardian Fire Protection Services, LLC","Building Equipment Contractors","Parent","Rockville, MD, United States","https://dnb.com/business-directory/company-profiles/guardian-fire-protection-services-llc.6c93dde3854154fab3d4ffac428ae450","dnb_fire_protection_companies.csv"
"Foothill Fire Protection, Inc.","Building Equipment Contractors","Parent","Loomis, CA, United States","https://dnb.com/business-directory/company-profiles/foothill-fire-protection-inc.ed7f740426f03d8495864d78488ef4e6","dnb_fire_protection_companies.csv"
"Fire Safe Protection Services, LP","Investigation and Security Services","Independent","Houston, TX, United States","https://dnb.com/business-directory/company-profiles/fire-safe-protection-services-lp.4a1ab312d57279959402916ccf58e170","dnb_fire_protection_companies.csv"
"Fire Tech Fire Protection Inc","Other Support Services","Parent","Edmonton, AB, Canada","https://dnb.com/business-directory/company-profiles/fire-tech-fire-protection-inc.9c543a9ef5d6457e569d8cc51bc1beeb","dnb_fire_protection_companies.csv"
"Oswego Fire Protection District","Justice, Public Order, and Safety Activities","Independent","Oswego, IL, United States","https://dnb.com/business-directory/company-profiles/oswego-fire-protection-district.cc7ec1159664ea8d52e50e30ce3b72e5","dnb_fire_protection_companies.csv"
"Addison Fire Protection District","Other Support Services","Parent","Addison, IL, United States","https://dnb.com/business-directory/company-profiles/addison-fire-protection-district.af2d2e2f422de3bd44d33d35ea14917a","dnb_fire_protection_companies.csv"
"Fire Protection Inc","Other Support Services","Independent","Edmonton, AB, Canada","https://dnb.com/business-directory/company-profiles/fire-protection-inc.782df42ca1aeaa8bc952b175c0d30f2a","dnb_fire_protection_companies.csv"
"Constant Fire Protection Systems Ltd","Other Support Services","Independent","Calgary, AB, Canada","https://dnb.com/business-directory/company-profiles/constant-fire-protection-systems-ltd.24ce4980d9749a42dac1e2bce4b36a46","dnb_fire_protection_companies.csv"
"Tri-state Fire Protection, Inc.","Building Equipment Contractors","Independent","Newburgh, IN, United States","https://dnb.com/business-directory/company-profiles/tri-state-fire-protection-inc.6bbb998d0d8dc8f4bd76a4df0251e629","dnb_fire_protection_companies.csv"
"Chapman Mechanical Ltd","Building Equipment Contractors","Independent","Vernon, BC, Canada","https://dnb.com/business-directory/company-profiles/chapman-mechanical-ltd.762eb043ab8bed1daf2114d3e908554c","dnb_fire_protection_companies.csv"
"1st FP Services, LLC","Building Equipment Contractors","Parent","San Antonio, TX, United States","https://dnb.com/business-directory/company-profiles/1st-fp-services-llc.d0399a6b001fea87ea399c9d613cda37","dnb_fire_protection_companies.csv"
"WAYMAN FIRE PROTECTION, INC.","Building Equipment Contractors","Independent","Wilmington, DE, United States","https://dnb.com/business-directory/company-profiles/wayman-fire-protection-inc.2f696880186055162eddbe9339cc6954","dnb_fire_protection_companies.csv"
"Patriot Fire Protection Inc","Building Equipment Contractors","Independent","Stockbridge, GA, United States","https://dnb.com/business-directory/company-profiles/patriot-fire-protection-inc.49738affbf048ad3fcea3cf29e9b86c7","dnb_fire_protection_companies.csv"
"Judd Fire Protection LLC","Building Equipment Contractors","Subsidiary","Westminster, MD, United States","https://dnb.com/business-directory/company-profiles/judd-fire-protection-llc.74aaecad4883ff57627cdd399cebee6f","dnb_fire_protection_companies.csv"
"Frontier Fire Protection, LLC","Building Equipment Contractors","Independent","Denver, CO, United States","https://dnb.com/business-directory/company-profiles/frontier-fire-protection-llc.8d92a2fdc2cae33a6ef4c57e81c928d4","dnb_fire_protection_companies.csv"
"Standard Fire Protection Inc","Other Support Services","Independent","Toronto, ON, Canada","https://dnb.com/business-directory/company-profiles/standard-fire-protection-inc.e94cfd736a44ff422afcff64b28b5d73","dnb_fire_protection_companies.csv"
"Western Fire Protection Inc","Other Support Services","Independent","London, ON, Canada","https://dnb.com/business-directory/company-profiles/western-fire-protection-inc.9df95d6a7d3c99660601d92bd9d10b9f","dnb_fire_protection_companies.csv"
"A.F.P. Corporation","Building Equipment Contractors","Independent","Omaha, NE, United States","https://dnb.com/business-directory/company-profiles/afp-corporation.b0f254844a4c59a9424d597048472b45","dnb_fire_protection_companies.csv"
"Symons Fire Protection, Inc.","Investigation and Security Services","Independent","San Diego, CA, United States","https://dnb.com/business-directory/company-profiles/symons-fire-protection-inc.3a933bf9649986ed3a3abcf779c07b94","dnb_fire_protection_companies.csv"
"Chattanooga Fire Protection, Inc.","Building Equipment Contractors","Parent","Chattanooga, TN, United States","https://dnb.com/business-directory/company-profiles/chattanooga-fire-protection-inc.c18cf4b8b22e74b3eafe1af6ee1927d9","dnb_fire_protection_companies.csv"
"Montrose Fire Protection District","Justice, Public Order, and Safety Activities","Independent","Montrose, CO, United States","https://dnb.com/business-directory/company-profiles/montrose-fire-protection-district.b84af65ad92dec06e7ebd90af1eb0c30","dnb_fire_protection_companies.csv"
"Fire Protection Service, Inc.","Other Support Services","Parent","Houston, TX, United States","https://dnb.com/business-directory/company-profiles/fire-protection-service-inc.56abf0271dcc9efa1f1b900086914edd","dnb_fire_protection_companies.csv"
"Central Fire Protection, Inc.","Building Equipment Contractors","Independent","Birmingham, AL, United States","https://dnb.com/business-directory/company-profiles/central-fire-protection-inc.b192be68c0cdf6ae7d2eedd3fa947e0b","dnb_fire_protection_companies.csv"
"Eureka Fire Protection District","Justice, Public Order, and Safety Activities","Independent","Eureka, MO, United States","https://dnb.com/business-directory/company-profiles/eureka-fire-protection-district.4c0fa09c934408a225eea861c0ed78b2","dnb_fire_protection_companies.csv"
"Covenant Fire Protection, Inc.","Other Support Services","Parent","Manchester, NH, United States","https://dnb.com/business-directory/company-profiles/covenant-fire-protection-inc.378282f5203c87dc79bd8683af8a6396","dnb_fire_protection_companies.csv"
"Encore Fire Protection","Other General Purpose Machinery Manufacturing","Subsidiary","Needham, MA, United States","https://dnb.com/business-directory/company-profiles/encore-fire-protection.40f90713d38e3731143b76244f8e012b","dnb_fire_protection_companies.csv"
"millenium fire protection llc","Building Equipment Contractors","Independent","Rockaway, NJ, United States","https://dnb.com/business-directory/company-profiles/millenium-fire-protection-llc.41c17de1d211fa24848f13f9e54db488","dnb_fire_protection_companies.csv"
"Streamline Fire Protection Ltd","Investigation and Security Services","Independent","Acheson, AB, Canada","https://dnb.com/business-directory/company-profiles/streamline-fire-protection-ltd.2e04efa051df661c37b3545660ab5b49","dnb_fire_protection_companies.csv"
"Residential Fire Protection","Other Support Services","Independent","Las Vegas, NV, United States","https://dnb.com/business-directory/company-profiles/residential-fire-protection.5fdbf0288b528e555be7672a78df2283","dnb_fire_protection_companies.csv"
"Capital Fire Protection Co.","Other Specialty Trade Contractors","Parent","Columbus, OH, United States","https://dnb.com/business-directory/company-profiles/capital-fire-protection-co.d4d7ced918ab5e1511b2a6a0aa750aeb","dnb_fire_protection_companies.csv"
"PLATTE VALLEY FIRE PROTECTION DISTRICT","Justice, Public Order, and Safety Activities","Independent","Kersey, CO, United States","https://dnb.com/business-directory/company-profiles/platte-valley-fire-protection-district.8eb4054fd2baea30edfbf63d2b70ce56","dnb_fire_protection_companies.csv"
"XL Fire Protection Co.","Building Equipment Contractors","Parent","Santa Ana, CA, United States","https://dnb.com/business-directory/company-profiles/xl-fire-protection-co.08212b4c349c8475f952db344988be7b","dnb_fire_protection_companies.csv"
"Premium Fire Protection Ltd","Other Professional, Scientific, and Technical Services","Parent","Okotoks, AB, Canada","https://dnb.com/business-directory/company-profiles/premium-fire-protection-ltd.847d749f3f83de6591f274884ee6fb3a","dnb_fire_protection_companies.csv"
"DELTA FIRE PROTECTION","Other Support Services","Independent","Doha, Ad Dawhah (Doha), Qatar","https://dnb.com/business-directory/company-profiles/delta-fire-protection.5808152f14ed5f27585d1299652a6d9a","dnb_fire_protection_companies.csv"
"FIRE PROTECTION SERVICES, LLC","Other Support Services","Independent","Perry, GA, United States","https://dnb.com/business-directory/company-profiles/fire-protection-services-llc.b160d82d677b1693ae608abdfa67b8e3","dnb_fire_protection_companies.csv"
"QUALITY FIRE PROTECTION, INC.","Other Specialty Trade Contractors","Independent","Woods Cross, UT, United States","https://dnb.com/business-directory/company-profiles/quality-fire-protection-inc.338b8540b94322f8d4e0bc0126ab0921","dnb_fire_protection_companies.csv"
"DEESCO OF GEORGIA, LLC","Machinery, Equipment, and Supplies Merchant Wholesalers","Independent","Atlanta, GA, United States","https://dnb.com/business-directory/company-profiles/deesco-of-georgia-llc.f68d921008112699af44e21c47e009b3","dnb_fire_protection_companies.csv"
"Absolute Fire Protection, Inc.","Building Equipment Contractors","Independent","Rockford, IL, United States","https://dnb.com/business-directory/company-profiles/absolute-fire-protection-inc.6887d2deee447368b827884b086e257c","dnb_fire_protection_companies.csv"
"Advance Fire Protection Co., Inc.","Building Equipment Contractors","Independent","La Habra, CA, United States","https://dnb.com/business-directory/company-profiles/advance-fire-protection-co-inc.d5a10f2ba2dd4ed703377ca2a0f2e600","dnb_fire_protection_companies.csv"
"Metropolitan Fire Protection, Inc.","Building Equipment Contractors","Independent","Clinton, MD, United States","https://dnb.com/business-directory/company-profiles/metropolitan-fire-protection-inc.bedd07de7ec42ef8eeed9e3cd1904f4f","dnb_fire_protection_companies.csv"
"COMPASS FIRE PROTECTION, LLC","Other Support Services","Subsidiary","Gig Harbor, WA, United States","https://dnb.com/business-directory/company-profiles/compass-fire-protection-llc.94c5716764046da0179bda628319f94c","dnb_fire_protection_companies.csv"
"Active Fire Protection, Inc.","Building Equipment Contractors","Independent","Monroe, NY, United States","https://dnb.com/business-directory/company-profiles/active-fire-protection-inc.cabe8ba159103371574ab0dd0d9f99e0","dnb_fire_protection_companies.csv"
"Winfield Fire Protection District","Justice, Public Order, and Safety Activities","Independent","Winfield, IL, United States","https://dnb.com/business-directory/company-profiles/winfield-fire-protection-district.89043b1fefafc5e9dc999f63953c7460","dnb_fire_protection_companies.csv"
"Treasure Valley Fire Protection, Inc.","Building Equipment Contractors","Subsidiary","Boise, ID, United States","https://dnb.com/business-directory/company-profiles/treasure-valley-fire-protection-inc.8c4dbd714d68c32b59d6a66574af426d","dnb_fire_protection_companies.csv"
"Union Fire Protection District","Individual and Family Services","Independent","Union, KY, United States","https://dnb.com/business-directory/company-profiles/union-fire-protection-district.c5ce3528196323a0df77cb5332c13e10","dnb_fire_protection_companies.csv"
"Eastern Fire Protection Company, Inc.","Building Equipment Contractors","Subsidiary","Auburn, ME, United States","https://dnb.com/business-directory/company-profiles/eastern-fire-protection-company-inc.9daeb84916802c74798a034f5772ff14","dnb_fire_protection_companies.csv"
"DOLAN'S FIRE PROTECTION SUPPLY, LLC","Miscellaneous Durable Goods Merchant Wholesalers","Independent","Farmingdale, NJ, United States","https://dnb.com/business-directory/company-profiles/dolans-fire-protection-supply-llc.cc2060f20a65996aa1c1e857a029f004","dnb_fire_protection_companies.csv"
"Mid Atlantic Fire Protection, Inc.","Building Equipment Contractors","Independent","Virginia Beach, VA, United States","https://dnb.com/business-directory/company-profiles/mid-atlantic-fire-protection-inc.2b1cc0dae6f058171689f92dc4172b05","dnb_fire_protection_companies.csv"
"Absolute Fire Protection, Inc.","Miscellaneous Durable Goods Merchant Wholesalers","Independent","Odessa, TX, United States","https://dnb.com/business-directory/company-profiles/absolute-fire-protection-inc.133d51a97b7e40c2c35302daa9b1cec3","dnb_fire_protection_companies.csv"
"RTF FIRE PROTECTION, LLC","Building Equipment Contractors","Independent","Cincinnati, OH, United States","https://dnb.com/business-directory/company-profiles/rtf-fire-protection-llc.63e9cf677741b82c8488c833173af13f","dnb_fire_protection_companies.csv"
"Grand Fire Protection, LLC","Building Equipment Contractors","Independent","Madison, TN, United States","https://dnb.com/business-directory/company-profiles/grand-fire-protection-llc.87f656ffb890c9ab15e145670a22d78f","dnb_fire_protection_companies.csv"
"Total Fire Protection, Inc.","Other Electrical Equipment and Component Manufacturing","Independent","Grand Rapids, MI, United States","https://dnb.com/business-directory/company-profiles/total-fire-protection-inc.67074b12ddfcc48a55720a607d059851","dnb_fire_protection_companies.csv"
"Allied Fire Protection","Building Equipment Contractors","Independent","Oakland, CA, United States","https://dnb.com/business-directory/company-profiles/allied-fire-protection.5f3a0e9a562ef7f906cbf98d3837ad28","dnb_fire_protection_companies.csv"
"Coal City Fire Protection District","Justice, Public Order, and Safety Activities","Independent","Coal City, IL, United States","https://dnb.com/business-directory/company-profiles/coal-city-fire--protection-district.7c46e6834157c8cc143b0b05c380ce4a","dnb_fire_protection_companies.csv"
"FIRE PROTECTION PROFESSIONALS, LLC","Other Support Services","Independent","Indianola, IA, United States","https://dnb.com/business-directory/company-profiles/fire-protection-professionals-llc.3f0862d1fd450c3b31748cc656ad62e7","dnb_fire_protection_companies.csv"
"Grand Fire Protection District 1","Justice, Public Order, and Safety Activities","Independent","Granby, CO, United States","https://dnb.com/business-directory/company-profiles/grand-fire-protection-district-1.a4587a209d113e8a7bc8175f18d62c2d","dnb_fire_protection_companies.csv"
"Associated Fire Protection, Inc.","Building Equipment Contractors","Independent","Clayton, NC, United States","https://dnb.com/business-directory/company-profiles/associated-fire-protection-inc.1cc57f079ca28f5b46a30327d687550b","dnb_fire_protection_companies.csv"
"Gulf States Fire Protection, Inc.","Building Equipment Contractors","Independent","Houston, TX, United States","https://dnb.com/business-directory/company-profiles/gulf-states-fire-protection-inc.5fd0a58034ee5a003829b2779607171b","dnb_fire_protection_companies.csv"
"Elite Fire Protection, Inc.","Other General Purpose Machinery Manufacturing","Independent","Tavares, FL, United States","https://dnb.com/business-directory/company-profiles/elite-fire-protection-inc.5d18f1fc73c35f2cf6536484d63a69b0","dnb_fire_protection_companies.csv"
"Interstate Fire Protection","Miscellaneous Durable Goods Merchant Wholesalers","Independent","Gardiner, ME, United States","https://dnb.com/business-directory/company-profiles/interstate-fire-protection.20cd7adc8d0c0c73cc577227ab8c7d76","dnb_fire_protection_companies.csv"
"Integrity Fire Protection LLC","Other General Purpose Machinery Manufacturing","Independent","Stevens Point, WI, United States","https://dnb.com/business-directory/company-profiles/integrity-fire-protection-llc.1ed2b99f2f0bc5b8136f4f780deb2820","dnb_fire_protection_companies.csv"
"Anderson Fire Protection, Inc.","Building Equipment Contractors","Independent","Elkridge, MD, United States","https://dnb.com/business-directory/company-profiles/anderson-fire-protection-inc.a1b9a35b1b2d4a3b8e7683db38d3ac78","dnb_fire_protection_companies.csv"
"High Sierra Fire Protection, LLC","Building Equipment Contractors","Subsidiary","Reno, NV, United States","https://dnb.com/business-directory/company-profiles/high-sierra-fire-protection-llc.54797c314c909262c64f7a41d0d0af63","dnb_fire_protection_companies.csv"
"Jersey Fire Protection Corp","Building Equipment Contractors","Subsidiary","West Deptford, NJ, United States","https://dnb.com/business-directory/company-profiles/jersey-fire-protection-corp.95035ad68f7d7f952f713f0cba292fe4","dnb_fire_protection_companies.csv"
"Tyco Fire Protection Products","Nonferrous Metal (except Aluminum) Production and Processing","Independent","FROME, England, United Kingdom","https://dnb.com/business-directory/company-profiles/tyco-fire-protection-products.43ef25a49ead2ce61f76536d8f1687f4","dnb_fire_protection_companies.csv"
"Hedrick Fire Protection","Building Equipment Contractors","Independent","Chino, CA, United States","https://dnb.com/business-directory/company-profiles/hedrick-fire-protection.546a32e4892f954a1f8593d800f21124","dnb_fire_protection_companies.csv"
"ABSOLUTE FIRE PROTECTION, LLC","Building Equipment Contractors","Independent","Selkirk, NY, United States","https://dnb.com/business-directory/company-profiles/absolute-fire-protection-llc.3e1e8f06fceed9043d48e687f875d12c","dnb_fire_protection_companies.csv"
"Total Fire Protection, Inc.","Building Equipment Contractors","Independent","Brandon, SD, United States","https://dnb.com/business-directory/company-profiles/total-fire-protection-inc.39a3151e62bff126fed4535c5e90d042","dnb_fire_protection_companies.csv"
"Rudd Fire Protection, Inc.","Other Support Services","Independent","Tyler, TX, United States","https://dnb.com/business-directory/company-profiles/rudd-fire-protection-inc.450f46e3cb68a7c4a99ed3b1ba4a50c4","dnb_fire_protection_companies.csv"
"Central Fire Protection, Inc.","Building Equipment Contractors","Independent","Dallas, TX, United States","https://dnb.com/business-directory/company-profiles/central-fire-protection-inc.0d38f1c29d1174f8fbbc9de618da27b3","dnb_fire_protection_companies.csv"
"Aegis Fire Protection, LLC","Other Miscellaneous Retailers","Parent","Overland Park, KS, United States","https://dnb.com/business-directory/company-profiles/aegis-fire-protection-llc.911680caa8e3495741745380c5af5c46","dnb_fire_protection_companies.csv"
"Cross Fire Protection LLC","Miscellaneous Durable Goods Merchant Wholesalers","Independent","Chandler, AZ, United States","https://dnb.com/business-directory/company-profiles/cross-fire-protection-llc.3ee56b5fb68c8e989ce9b1632a2a315b","dnb_fire_protection_companies.csv"
"Aquamatic Fire Protection, Inc.","Building Equipment Contractors","Parent","Pittsburg, CA, United States","https://dnb.com/business-directory/company-profiles/aquamatic-fire-protection-inc.38099f738cffe977c7b3a103ea5fe43f","dnb_fire_protection_companies.csv"
"Absolute Fire Protection, Inc.","Building Equipment Contractors","Parent","Mount Clemens, MI, United States","https://dnb.com/business-directory/company-profiles/absolute-fire-protection-inc.9ae46b0e8713a02652537654415da4a3","dnb_fire_protection_companies.csv"
"Meridian Fire Protection Inc","Machinery, Equipment, and Supplies Merchant Wholesalers","Independent","Edmonton, AB, Canada","https://dnb.com/business-directory/company-profiles/meridian-fire-protection-inc.e012e5e6e01c858d864d42d8d85126f8","dnb_fire_protection_companies.csv"
"Advanced Fire Protection, Inc.","Miscellaneous Durable Goods Merchant Wholesalers","Parent","Woburn, MA, United States","https://dnb.com/business-directory/company-profiles/advanced-fire-protection-inc.3865c5c3f691d4afefa4f7c280ed4971","dnb_fire_protection_companies.csv"
"ADANAC FIRE PROTECTION, INC.","Building Equipment Contractors","Independent","Milpitas, CA, United States","https://dnb.com/business-directory/company-profiles/adanac-fire-protection-inc.3d0f8e005f931624ee45d1bc8ea7c8e0","dnb_fire_protection_companies.csv"
"HILL FIRE PROTECTION, LLC","Building Equipment Contractors","Independent","Franklin Park, IL, United States","https://dnb.com/business-directory/company-profiles/hill-fire-protection-llc.2dc8a01e033dd51a80091691961877c6","dnb_fire_protection_companies.csv"
"BOLES FIRE PROTECTION DISTRICT","Justice, Public Order, and Safety Activities","Independent","Labadie, MO, United States","https://dnb.com/business-directory/company-profiles/boles-fire-protection-district.9570198ed48761ab9cf4f8350c47e53b","dnb_fire_protection_companies.csv"
"National Fire Protection, LLC","Other Support Services","Independent","Sunrise, FL, United States","https://dnb.com/business-directory/company-profiles/national-fire-protection-llc.8860165de3a68448458c1117151e25d9","dnb_fire_protection_companies.csv"
"Cerullo Fire Protection, Inc.","Building Equipment Contractors","Independent","Rahway, NJ, United States","https://dnb.com/business-directory/company-profiles/cerullo-fire-protection-inc.7823a41cc37fcce13a06e51a41b8325f","dnb_fire_protection_companies.csv"
"LYNCO FIRE PROTECTION, INC.","Building Equipment Contractors","Independent","Burlington, MA, United States","https://dnb.com/business-directory/company-profiles/lynco-fire-protection-inc.970987ce43d1c952391e5e54400667be","dnb_fire_protection_companies.csv"
"Absolute Fire Protection, Inc.","Motor Vehicle and Motor Vehicle Parts and Supplies Merchant Wholesalers","Independent","South Plainfield, NJ, United States","https://dnb.com/business-directory/company-profiles/absolute-fire-protection-inc.d14fa80a8b864396f97cd963380dcf9b","dnb_fire_protection_companies.csv"
"Liberty Fire Protection, Inc.","Other Support Services","Subsidiary","Rosharon, TX, United States","https://dnb.com/business-directory/company-profiles/liberty-fire-protection-inc.28a1e9e1b1d241c00a3d94819acd2f07","dnb_fire_protection_companies.csv"
"All Star Fire Protection Services Inc","Miscellaneous Durable Goods Merchant Wholesalers","Independent","Etobicoke, ON, Canada","https://dnb.com/business-directory/company-profiles/all-star-fire-protection-services-inc.c1bef932bb007f8f1933ad12ec1ab76f","dnb_fire_protection_companies.csv"
"Genset Fire And Security LLC","Investigation and Security Services","Independent","Pompano Beach, FL, United States","https://dnb.com/business-directory/company-profiles/genset-fire-and-security-llc.b789a3e40f96c81d944bc1c9eab79f59","dnb_fire_security_companies.csv"
"Cross Fire & Security Co., Inc.","Investigation and Security Services","Subsidiary","Astoria, NY, United States","https://dnb.com/business-directory/company-profiles/cross-fire--security-co-inc.3633a4dec91c97eaac975b5b12c16f44","dnb_fire_security_companies.csv"
"Performance Systems Integration, LLC","Building Equipment Contractors","Subsidiary","Portland, OR, United States","https://dnb.com/business-directory/company-profiles/performance-systems-integration-llc.824bce7099bf9279594b1c0186ce5c86","dnb_fire_security_companies.csv"
"MILLENNIUM FIRE & SECURITY, INC.","Household Appliances and Electrical and Electronic Goods Merchant Wholesalers","Independent","Maitland, FL, United States","https://dnb.com/business-directory/company-profiles/millennium-fire--security-inc.92585d7ab28328ab99b3100273714b97","dnb_fire_security_companies.csv"
"Huronia Alarm & Fire Security Inc","Building Equipment Contractors","Parent","Midland, ON, Canada","https://dnb.com/business-directory/company-profiles/huronia-alarm--fire-security-inc.da1a94bd18efef24e64fbdc91a49fafd","dnb_fire_security_companies.csv"
"Dunk Fire & Security, Inc.","Building Equipment Contractors","Parent","Lowell, AR, United States","https://dnb.com/business-directory/company-profiles/dunk-fire--security-inc.a7d59051db6f0dc56cba84880a9cd861","dnb_fire_security_companies.csv"
"All State Fire Equipment Of Wny, LLC","Building Equipment Contractors","Subsidiary","Buffalo, NY, United States","https://dnb.com/business-directory/company-profiles/all-state-fire-equipment-of-wny-llc.e29baa492872de3c91d2abbec0015503","dnb_fire_security_companies.csv"
"Vulcan Fire and Security LLC","Investigation and Security Services","Independent","Golden, CO, United States","https://dnb.com/business-directory/company-profiles/vulcan-fire-and-security-llc.96ffd74ef0ef229c6f271d87586428c0","dnb_fire_security_companies.csv"
"Phoenix Fire And Security Solutions, LLC","Household Appliances and Electrical and Electronic Goods Merchant Wholesalers","Independent","Iselin, NJ, United States","https://dnb.com/business-directory/company-profiles/phoenix-fire-and-security-solutions-llc.15383707ac8ea1ad792efbe787fb49ff","dnb_fire_security_companies.csv"
"United Systems Fire and Security, LLC","Investigation and Security Services","Independent","Las Vegas, NV, United States","https://dnb.com/business-directory/company-profiles/united-systems-fire-and-security-llc.6d9628c81df6300e25f6ab979f825c6e","dnb_fire_security_companies.csv"
"Bunting Electric, Inc.","Building Equipment Contractors","Independent","Dardanelle, AR, United States","https://dnb.com/business-directory/company-profiles/bunting-electric-inc.980b3635e826076aac56ce01b3a56895","dnb_fire_security_companies.csv"
"Zion Fire and Security","Other General Purpose Machinery Manufacturing","Subsidiary","St George, UT, United States","https://dnb.com/business-directory/company-profiles/zion-fire-and-security.b03a2994efe80789057e5200e9b85e57","dnb_fire_security_companies.csv"
"Fire Security Technologies Inc","Investigation and Security Services","Parent","Farmingdale, NJ, United States","https://dnb.com/business-directory/company-profiles/fire-security-technologies-inc.7ebf867251a6e8524abc596edeacc30d","dnb_fire_security_companies.csv"
"Ace Security","Building Equipment Contractors","Parent","BEDFORD, England, United Kingdom","https://dnb.com/business-directory/company-profiles/ace-security.8f51a3038ece3a49670e6d4d9adb6238","dnb_fire_security_companies.csv"
"VSC FIRE & SECURITY","Machinery, Equipment, and Supplies Merchant Wholesalers","Independent","Norcross, GA, United States","https://dnb.com/business-directory/company-profiles/vsc-fire--security.ef0851fd73e74a37a2d184e21bdc275b","dnb_fire_security_companies.csv"
"Regional Fire And Security Systems","Other Support Services","Independent","Canada","https://dnb.com/business-directory/company-profiles/regional-fire-and-security-systems.fe75ddc1875a3ecf44fe5bdad30549e2","dnb_fire_security_companies.csv"
"Imperial Fire Alarm & Security, Inc.","Investigation and Security Services","Independent","Fort Myers, FL, United States","https://dnb.com/business-directory/company-profiles/imperial-fire-alarm--security-inc.d23820d430148c9fb4d7f6bac9d93a17","dnb_fire_security_companies.csv"
"Capital Technologies, LLC","Investigation and Security Services","Independent","Frankfort, KY, United States","https://dnb.com/business-directory/company-profiles/capital-technologies-llc.3576c2829cd3890456278962b20c660d","dnb_fire_security_companies.csv"
"Trinity Fire & Security","Communications Equipment Manufacturing","Independent","Trenton, ON, Canada","https://dnb.com/business-directory/company-profiles/trinity-fire--security.153c5eb9bf9f18449de1817da0449177","dnb_fire_security_companies.csv"
"Lawrence & Lober Electric, Inc.","Building Equipment Contractors","Independent","Bellows Falls, VT, United States","https://dnb.com/business-directory/company-profiles/lawrence--lober-electric-inc.077f626dd5c41a487fa24bdc97996cc9","dnb_fire_security_companies.csv"
"Eagle Security Fire & Life Safety, Inc.","Investigation and Security Services","Parent","New Hudson, MI, United States","https://dnb.com/business-directory/company-profiles/eagle-security-fire--life-safety-inc.0ac427872012a20098543cca74eff766","dnb_fire_security_companies.csv"
"Valley Fire and Security Alarms, Inc.","Building Equipment Contractors","Independent","Rancho Cordova, CA, United States","https://dnb.com/business-directory/company-profiles/valley-fire-and-security-alarms-inc.91db1fed3c02d249a2f51de914c1c23c","dnb_fire_security_companies.csv"
"Continental Fire Sprinkler Company","Building Equipment Contractors","Branch","Grimes, IA, United States","https://dnb.com/business-directory/company-profiles/continental-fire-sprinkler-company.a08aa8eb5178d647a6fda4db30576640","dnb_fire_sprinkler_companies.csv"
"Jayhawk Fire Sprinkler Co., Inc.","Building Equipment Contractors","Branch","Olathe, KS, United States","https://dnb.com/business-directory/company-profiles/jayhawk-fire-sprinkler-co-inc.e5a120a3ebcf1c85bcdd9856bac3fc4b","dnb_fire_sprinkler_companies.csv"
"FIRE SPRINKLER LTD","Building Equipment Contractors","Branch","Chatham, VA, United States","https://dnb.com/business-directory/company-profiles/fire-sprinkler-ltd.2e70fa2e84d459a1b255d316bda98abb","dnb_fire_sprinkler_companies.csv"
"CONTINENTAL FIRE SPRINKLER COMPANY","Building Equipment Contractors","Branch","Lincoln, NE, United States","https://dnb.com/business-directory/company-profiles/continental-fire-sprinkler-company.e8f8da683749a01cb40c4571df4961db","dnb_fire_sprinkler_companies.csv"
"Pye-Barker Fire & Safety, LLC","Other Miscellaneous Retailers","Branch","Orange Park, FL, United States","https://dnb.com/business-directory/company-profiles/pye-barker-fire--safety-llc.8b30aa22a0ba3fbbbdb77f97d2a16dc1","dnb_fire_sprinkler_companies.csv"
"CONTINENTAL FIRE SPRINKLER COMPANY","Building Equipment Contractors","Branch","Davenport, IA, United States","https://dnb.com/business-directory/company-profiles/continental-fire-sprinkler-company.2a7c171de4c95193df61001c65b5c21f","dnb_fire_sprinkler_companies.csv"
"AMERICAN FIRE SPRINKLER CORPORATION","Building Equipment Contractors","Branch","Great Bend, KS, United States","https://dnb.com/business-directory/company-profiles/american-fire-sprinkler-corporation.f70759f34587dec8051c18368062ddca","dnb_fire_sprinkler_companies.csv"
"JAYHAWK FIRE SPRINKLER CO., INC.","Building Equipment Contractors","Branch","Springfield, MO, United States","https://dnb.com/business-directory/company-profiles/jayhawk-fire-sprinkler-co-inc.30a01548f5dde2aa446f19fb784ac9c7","dnb_fire_sprinkler_companies.csv"
"Fire Sprinkler Ltd","Building Equipment Contractors","Parent","Rustburg, VA, United States","https://dnb.com/business-directory/company-profiles/fire-sprinkler-ltd.1747c9347c84227063adba72f7e12dee","dnb_fire_sprinkler_companies.csv"
"Alabama Fire Sprinkler Contractors, LLC","Building Equipment Contractors","Independent","Columbiana, AL, United States","https://dnb.com/business-directory/company-profiles/alabama-fire-sprinkler-contractors-llc.969498c4b9cebf490ae77da90da6f0d9","dnb_fire_sprinkler_companies.csv"
"Music City Fire Sprinkler, LLC","Building Equipment Contractors","Independent","Hendersonville, TN, United States","https://dnb.com/business-directory/company-profiles/music-city-fire-sprinkler-llc.f2fb0fb0159cfbd7a5e28e889144c209","dnb_fire_sprinkler_companies.csv"
"Valley Fire Sprinkler, Inc.","Building Equipment Contractors","Independent","Scottsdale, AZ, United States","https://dnb.com/business-directory/company-profiles/valley-fire-sprinkler-inc.8b83116a243cc2a79f0bf998476e962c","dnb_fire_sprinkler_companies.csv"
"Apex Fire Sprinkler Company LLC","Building Equipment Contractors","Independent","Springfield, IL, United States","https://dnb.com/business-directory/company-profiles/apex-fire-sprinkler-company-llc.7ec0c9a7fad5910e62da73da0cf8c76c","dnb_fire_sprinkler_companies.csv"
"Colorado Fire Sprinkler, Inc.","Building Equipment Contractors","Independent","Pueblo, CO, United States","https://dnb.com/business-directory/company-profiles/colorado-fire-sprinkler-inc.65498cc9fa2337cf029347516584c2aa","dnb_fire_sprinkler_companies.csv"
"EMPIRE STATE FIRE SPRINKLER CORP.","Building Equipment Contractors","Independent","Brooklyn, NY, United States","https://dnb.com/business-directory/company-profiles/empire-state-fire-sprinkler-corp.6aa8b09e1a661f9d6a036a956fff7eae","dnb_fire_sprinkler_companies.csv"
"Fire Sprinkler Services Inc","Building Equipment Contractors","Independent","Jacksonville, FL, United States","https://dnb.com/business-directory/company-profiles/fire-sprinkler-services-inc.5606fea0b501388fc2a0714985dd9c15","dnb_fire_sprinkler_companies.csv"
"Fire Stop Sprinkler Company","Building Equipment Contractors","Independent","Newark, CA, United States","https://dnb.com/business-directory/company-profiles/fire-stop-sprinkler-company.9a6f381839cf2cc356e3c1ff2bc9e0bc","dnb_fire_sprinkler_companies.csv"
"Home Fire Sprinkler Coalition","Coal Mining","Independent","VICTORIA, Australia","https://dnb.com/business-directory/company-profiles/home-fire-sprinkler-coalition.5b867ea4036715e9e8c93922fdf67e09","dnb_fire_sprinkler_companies.csv"
"Bender & Modlin Fire Sprinkler, Inc.","Building Equipment Contractors","Independent","Orange Park, FL, United States","https://dnb.com/business-directory/company-profiles/bender--modlin-fire-sprinkler-inc.31af27286eac73fe834145bef417566d","dnb_fire_sprinkler_companies.csv"
"HYDROPRO FIRE SPRINKLER Company","Building Equipment Contractors","Independent","Colorado Springs, CO, United States","https://dnb.com/business-directory/company-profiles/hydropro-fire-sprinkler-company.f2eaf6bfe4f9d81be62682019aaf392f","dnb_fire_sprinkler_companies.csv"
"Pryor Automatic Fire Sprinkler, Inc.","Building Equipment Contractors","Independent","Great Bend, KS, United States","https://dnb.com/business-directory/company-profiles/pryor-automatic-fire-sprinkler-inc.635c545792a0914f62a2a34759384b71","dnb_fire_sprinkler_companies.csv"
"PITTSBURGH FIRE SPRINKLER","Furniture and Home Furnishings Retailers","Independent","Pittsburgh, PA, United States","https://dnb.com/business-directory/company-profiles/pittsburgh-fire-sprinkler.4210fceb7f73ab26d79aebad69148385","dnb_fire_sprinkler_companies.csv"
"Fire Sprinkler Service, LLC","Building Equipment Contractors","Independent","Bossier City, LA, United States","https://dnb.com/business-directory/company-profiles/fire-sprinkler-service-llc.a2c44df834b9326b2499cc84081a18cb","dnb_fire_sprinkler_companies.csv"
"Indiana Fire Sprinkler & Backflow, Inc.","Building Equipment Contractors","Independent","Fort Wayne, IN, United States","https://dnb.com/business-directory/company-profiles/indiana-fire-sprinkler--backflow-inc.fd321f17b068383aaff0bfeca5dde6fa","dnb_fire_sprinkler_companies.csv"
"Spectrum Fire Sprinkler Ltd","Machinery, Equipment, and Supplies Merchant Wholesalers","Independent","Vancouver, BC, Canada","https://dnb.com/business-directory/company-profiles/spectrum-fire-sprinkler-ltd.5a163c0ee073299660b2e2db42e82e26","dnb_fire_sprinkler_companies.csv"
"SUPERIOR FIRE PROTECTION, INC.","Building Equipment Contractors","Independent","Brea, CA, United States","https://dnb.com/business-directory/company-profiles/superior-fire-protection-inc.450b5e4344bd84d3b9bc268c4faf41f2","dnb_fire_sprinkler_companies.csv"
"AMERICAN FIRE SPRINKLER, INC.","Building Equipment Contractors","Independent","Jackson, MS, United States","https://dnb.com/business-directory/company-profiles/american-fire-sprinkler-inc.25eb51e26fe1457f5d068c0432d00c22","dnb_fire_sprinkler_companies.csv"
"CAROLINA FIRE SPRINKLER INSPEC","Building Equipment Contractors","Independent","China Grove, NC, United States","https://dnb.com/business-directory/company-profiles/carolina-fire-sprinkler-inspec.3028becf9f4a629eb5d465c09792847f","dnb_fire_sprinkler_companies.csv"
"The Fire Sprinkler Company","Building Equipment Contractors","Independent","Carmichael, CA, United States","https://dnb.com/business-directory/company-profiles/the-fire-sprinkler-company.9a7de8b20f58d54178c7889322366b01","dnb_fire_sprinkler_companies.csv"
"Francis Fire Sprinkler, LLC","Building Equipment Contractors","Independent","Opelousas, LA, United States","https://dnb.com/business-directory/company-profiles/francis-fire-sprinkler-llc.ebd6a37e1041055628a5a88ec7c51ee2","dnb_fire_sprinkler_companies.csv"
"The Fire Sprinkler Company","Building Equipment Contractors","Independent","Sacramento, CA, United States","https://dnb.com/business-directory/company-profiles/the-fire-sprinkler-company.52b7bf8b6309db043d02e2ec54493b00","dnb_fire_sprinkler_companies.csv"
"NATIONAL FIRE SPRINKLER ASSOCIATION","Lessors of Real Estate","Independent","Patterson, NY, United States","https://dnb.com/business-directory/company-profiles/national-fire-sprinkler-association.b9b1226b7bfcf7b76efd433035b05fb2","dnb_fire_sprinkler_companies.csv"
"GENERAL FIRE SPRINKLER CO.","Building Equipment Contractors","Independent","Belvidere, IL, United States","https://dnb.com/business-directory/company-profiles/general-fire-sprinkler-co.388e92922e43cc3b75279e07b447e22d","dnb_fire_sprinkler_companies.csv"
"CERTIFIED PROTECTION SERVICES LLC","Accounting, Tax Preparation, Bookkeeping, and Payroll Services","Independent","Corydon, IN, United States","https://dnb.com/business-directory/company-profiles/certified-protection-services-llc.d27259b691c17c6a89796168b0b57111","dnb_fire_sprinkler_companies.csv"
"FIRE SPRINKLER CORPORATION","Building Equipment Contractors","Independent","Quincy, MA, United States","https://dnb.com/business-directory/company-profiles/fire-sprinkler-corporation.a365d81d2429f82c137e6325660bebb8","dnb_fire_sprinkler_companies.csv"
"Home Fire Sprinkler Coalition","Building Equipment Contractors","Independent","Quincy, MA, United States","https://dnb.com/business-directory/company-profiles/home-fire-sprinkler-coalition.6a379cf9c5fbb71f63377df1143f958b","dnb_fire_sprinkler_companies.csv"
"BRICK WALL FIRE SPRINKLER, LLC","Building Equipment Contractors","Subsidiary","Colorado Springs, CO, United States","https://dnb.com/business-directory/company-profiles/brick-wall-fire-sprinkler-llc.9c14096ef41a4d71a85a167c4fda6925","dnb_fire_sprinkler_companies.csv"
"RES Fire Sprinkler, LLC","Building Equipment Contractors","Independent","Athens, TX, United States","https://dnb.com/business-directory/company-profiles/res-fire-sprinkler-llc.5a59e5e1d580a1010082a284688ae359","dnb_fire_sprinkler_companies.csv"
"Durango Fire Sprinkler, LLC","Building Equipment Contractors","Independent","Durango, CO, United States","https://dnb.com/business-directory/company-profiles/durango-fire-sprinkler-llc.226aa76cf19fa458d3d71b6944a7bff2","dnb_fire_sprinkler_companies.csv"
"HANG FIRE SPRINKLER CO. LLC","Building Equipment Contractors","Independent","Hopewell Junction, NY, United States","https://dnb.com/business-directory/company-profiles/hang-fire-sprinkler-co-llc.6d0bd78a0039c4b5677cbdc957461b5c","dnb_fire_sprinkler_companies.csv"
"Action Fire Sprinkler","Building Equipment Contractors","Independent","Coconut Creek, FL, United States","https://dnb.com/business-directory/company-profiles/action-fire-sprinkler.5970d4d9253cb8ef9c9933b8f0a03625","dnb_fire_sprinkler_companies.csv"
"The Fire Sprinkler Company","Building Equipment Contractors","Independent","Sacramento, CA, United States","https://dnb.com/business-directory/company-profiles/the-fire-sprinkler-company.63d35cff521469370ac367ccfdd926e3","dnb_fire_sprinkler_companies.csv"
"Liberty Fire Sprinkler Company, Inc.","Building Equipment Contractors","Independent","Chester Springs, PA, United States","https://dnb.com/business-directory/company-profiles/liberty-fire-sprinkler-company-inc.2728783df45cbab483d307f1172f22e4","dnb_fire_sprinkler_companies.csv"
"Flash Fire Protection Inc","Other Support Services","Independent","Edmond, OK, United States","https://dnb.com/business-directory/company-profiles/flash-fire-protection-inc.1e9f574dfba5a4d14ac29c5ed4890513","dnb_fire_sprinkler_companies.csv"
"MAGNUM FIRE SPRINKLER, LLC","Building Equipment Contractors","Independent","Burlington, NC, United States","https://dnb.com/business-directory/company-profiles/magnum-fire-sprinkler-llc.1c87dbc98ea66d44df66d5fce3170151","dnb_fire_sprinkler_companies.csv"
"HARPERS FIRE SPRINKLER INC","Building Equipment Contractors","Independent","Royal Palm Beach, FL, United States","https://dnb.com/business-directory/company-profiles/harpers-fire-sprinkler-inc.5161b3c17c09fb868e70ce0f21220461","dnb_fire_sprinkler_companies.csv"
"Titanium Fire Sprinkler Company","Building Equipment Contractors","Independent","Bennington, NE, United States","https://dnb.com/business-directory/company-profiles/titanium-fire-sprinkler-company.edc5cc18e636d83d6335c08a6181863f","dnb_fire_sprinkler_companies.csv"
"PERFORMANCE FIRE SPRINKLER","Building Equipment Contractors","Independent","Tustin, CA, United States","https://dnb.com/business-directory/company-profiles/performance-fire-sprinkler.a951b1720eb169fdbaf549dfd869e75a","dnb_fire_sprinkler_companies.csv"
"Fire Sprinkler Services Inc","Building Equipment Contractors","Independent","Woodbury Heights, NJ, United States","https://dnb.com/business-directory/company-profiles/fire-sprinkler-services-inc.ae43b70508a74bd25a93dc622f575eb6","dnb_fire_sprinkler_companies.csv"
"PJH FIRE SPRINKLER DESIGN","Specialized Design Services","Independent","Eatontown, NJ, United States","https://dnb.com/business-directory/company-profiles/pjh-fire-sprinkler-design.3198f6f562e95563078a2ed73611c9b6","dnb_fire_sprinkler_companies.csv"
"N T T FIRE SPRINKLER PROTECTION","Other Support Services","Independent","Garden Grove, CA, United States","https://dnb.com/business-directory/company-profiles/n-t-t-fire-sprinkler-protection.ed69ba1dcb51d6d81005aa6441a30dcc","dnb_fire_sprinkler_companies.csv"
"FIRE SPRINKLER SERVICES INC","Building Equipment Contractors","Independent","Fall River, MA, United States","https://dnb.com/business-directory/company-profiles/fire-sprinkler-services-inc.3969a8eed072eb65ade8c23668691881","dnb_fire_sprinkler_companies.csv"
"ASAP FIRE SPRINKLER PROTECTION LLC","Other Support Services","Independent","Miami, FL, United States","https://dnb.com/business-directory/company-profiles/asap-fire-sprinkler-protection-llc.0dab47c0c02b5766c964ac4fe7a0a83e","dnb_fire_sprinkler_companies.csv"
"FIRE SPRINKLER LTD","Machinery, Equipment, and Supplies Merchant Wholesalers","Independent","Forest, VA, United States","https://dnb.com/business-directory/company-profiles/fire-sprinkler-ltd.65c504924e40eee8026127231a79d2b0","dnb_fire_sprinkler_companies.csv"
"FIRE SPRINKLER SERVICES","Building Equipment Contractors","Independent","Springfield, OR, United States","https://dnb.com/business-directory/company-profiles/fire-sprinkler-services.8d7f809e4cc418bf46856d57bb4a4a82","dnb_fire_sprinkler_companies.csv"
"UNIVERSAL FIRE SPRINKLER","Building Equipment Contractors","Parent","Glen Oaks, NY, United States","https://dnb.com/business-directory/company-profiles/universal-fire-sprinkler.dfef1d9d4550677e1d82987558056172","dnb_fire_sprinkler_companies.csv"
"HOME FIRE SPRINKLER COALITION","Building Equipment Contractors","Independent","Frankfort, IL, United States","https://dnb.com/business-directory/company-profiles/home-fire-sprinkler-coalition.7b3a7d8604dedb62269d57d10645c8af","dnb_fire_sprinkler_companies.csv"
"FIRE SPRINKLER INSPECTIONS INC.","Building Equipment Contractors","Independent","Bridgewater, MA, United States","https://dnb.com/business-directory/company-profiles/fire-sprinkler-inspections-inc.64f9d5532c91afb7d5920789cf0e83e7","dnb_fire_sprinkler_companies.csv"
"FIRE SPRINKLER SERVICES, LLC","Building Equipment Contractors","Independent","Louisville, KY, United States","https://dnb.com/business-directory/company-profiles/fire-sprinkler-services-llc.119eaae885ce4453e53711388067e88b","dnb_fire_sprinkler_companies.csv"
"NATIONAL FIRE SPRINKLER ASSOCIATION","Building Equipment Contractors","Independent","Amissville, VA, United States","https://dnb.com/business-directory/company-profiles/national-fire-sprinkler-association.6951ada9a40b71fd8f397f9485c07d3b","dnb_fire_sprinkler_companies.csv"
"FIRE SPRINKLER SYSTEMS, INC.","Machinery, Equipment, and Supplies Merchant Wholesalers","Independent","Hollywood, FL, United States","https://dnb.com/business-directory/company-profiles/fire-sprinkler-systems-inc.be9f9f4c7ad01f8d85b061b271fa4520","dnb_fire_sprinkler_companies.csv"
"FIRE SPRINKLER SYSTEMS, INC.","Building Equipment Contractors","Branch","Corona, CA, United States","https://dnb.com/business-directory/company-profiles/fire-sprinkler-systems-inc.c5fc144c7cba17721fe794209c7a1865","dnb_fire_sprinkler_companies.csv"
"CONTINENTAL FIRE SPRINKLER COMPANY","Building Equipment Contractors","Branch","Omaha, NE, United States","https://dnb.com/business-directory/company-profiles/continental-fire-sprinkler-company.6d29beb1e1442b3d6b57d7c3cf0e42e2","dnb_fire_sprinkler_companies.csv"
"Continental Fire Sprinkler Company","Building Equipment Contractors","Branch","Hanover, MD, United States","https://dnb.com/business-directory/company-profiles/continental-fire-sprinkler-company.25bc712be6cf585a433d3651869f1b1e","dnb_fire_sprinkler_companies.csv"
"JAYHAWK FIRE SPRINKLER CO., INC.","Other Miscellaneous Retailers","Branch","Broken Arrow, OK, United States","https://dnb.com/business-directory/company-profiles/jayhawk-fire-sprinkler-co-inc.ff38cdeb25955ba7e749bdda00385ae5","dnb_fire_sprinkler_companies.csv"
"Brown Sprinkler Corporation","Building Equipment Contractors","Parent","Louisville, KY, United States","https://dnb.com/business-directory/company-profiles/brown-sprinkler-corporation.bcfbe55c5ff3cff431d4e73e02430832","dnb_fire_inspection_companies.csv"
"Aztec Fire Protection","Building Equipment Contractors","Independent","Los Angeles, CA, United States","https://dnb.com/business-directory/company-profiles/aztec-fire-protection.239851f3e670598d953fbf90123b75f2","dnb_fire_inspection_companies.csv"
"Fire Box Inspection Services","Architectural, Engineering, and Related Services","Independent","Kanata, ON, Canada","https://dnb.com/business-directory/company-profiles/fire-box-inspection-services.b7bbad2918baae9ea0227c6a2d595d46","dnb_fire_inspection_companies.csv"
"CT Fire Inspection LLC","Other Support Services","Independent","Marlborough, CT, United States","https://dnb.com/business-directory/company-profiles/ct-fire-inspection-llc.1a4dc0696e05bfd6b86564463e140d83","dnb_fire_inspection_companies.csv"
"FIRE INSPECTION SERVICES","Other Professional, Scientific, and Technical Services","Independent","Golden, CO, United States","https://dnb.com/business-directory/company-profiles/fire-inspection-services.a61b9efdc9192c4b7d1027c41f097d06","dnb_fire_inspection_companies.csv"
"BROWN SPRINKLER CORPORATION","Building Equipment Contractors","Branch","Lexington, KY, United States","https://dnb.com/business-directory/company-profiles/brown-sprinkler-corporation.e46f95be916b660c4ea243baf55c1aa0","dnb_fire_inspection_companies.csv"
"City of Dallas","Justice, Public Order, and Safety Activities","Branch","Dallas, TX, United States","https://dnb.com/business-directory/company-profiles/city-of-dallas.1572fa5892cb4e3f8e3c1351dafb39ea","dnb_fire_inspection_companies.csv"
"Fire Hydrant Servicing","Other Amusement and Recreation Industries","Independent","Irving, TX, United States","https://dnb.com/business-directory/company-profiles/fire-hydrant-servicing.1da48ebd6327818bc554e7412f1cf269","dnb_fire_hydrant_companies.csv"
"FIRE HYDRANT REPAIR LLC","Personal and Household Goods Repair and Maintenance","Independent","Cincinnati, OH, United States","https://dnb.com/business-directory/company-profiles/fire-hydrant-repair-llc.ddf564769186fc49d76a720343dc71c2","dnb_fire_hydrant_companies.csv"
"STEWIE'S FIRE PROTECTION, LLC","","Independent","Des Moines, WA, United States","https://dnb.com/business-directory/company-profiles/stewies-fire-protection-llc.3d616f69b62f6da72cb47668263bb30c","Fuzzy/normalized recheck (suffix-variant match: HubSpot has ""Stewie's Fire Protection"" without LLC suffix, same city Des Moines WA)"
