"#","Company","Industry","Type","Location","Profile URL"
"1","AZAR FIRE HYDRANT & PEB STRUCTURE WORK","Insurance Carriers","Independent","Tiruvallur, Tamil Nadu, India","https://dnb.com/business-directory/company-profiles/azar-fire-hydrant--peb-structure-work.67876f456340aa34a9c6251a76faf809"
"2","JONASIRENE PLUMBING AND FIRE HYDRANT COM...","Private Households","Independent","Accra, Greater Accra, Ghana","https://dnb.com/business-directory/company-profiles/jonasirene-plumbing-and-fire-hydrant-company-limited.29a56b248182cc560b3835c6d8e75021"
"3","FIRE HYDRANT ENTERPRISE","Machinery, Equipment, and Supplies Merchant Wholesalers","Independent","North 24 Parganas, West Bengal, India","https://dnb.com/business-directory/company-profiles/fire-hydrant-enterprise.83a2b0d3a3ba20f25169dad59d0405cf"
"4","FIRE HOSE REEL & HYDRANT SERVICES PTY LT...","Personal and Household Goods Repair and Maintenance","Independent","SOUTH YUNDERUP, WESTERN AUSTRALIA, Australia","https://dnb.com/business-directory/company-profiles/fire-hose-reel--hydrant-services-pty-ltd.9edda8b54d6e46d0dcb17578d87a63e6"
"5","AUSTRALIAN FIRE SERVICES TESTING PTY LTD","Architectural, Engineering, and Related Services","Independent","WYNNUM, QUEENSLAND, Australia","https://dnb.com/business-directory/company-profiles/australian-fire-services-testing-pty-ltd.a69b11915862b0cbbab0ca0b0e7b28a1"
"6","GREG ROBERTS FIRE HYDRANT REP LLC","Other General Purpose Machinery Manufacturing","Independent","Ripley, MS, United States","https://dnb.com/business-directory/company-profiles/greg-roberts-fire-hydrant-rep-llc.527e3d5791d9b5ba7540e82edbf7b2cf"
"7","FOSTER MULTI-ASSET INVESTMENTS PTY LTD","Architectural, Engineering, and Related Services","Independent","PIALBA, QUEENSLAND, Australia","https://dnb.com/business-directory/company-profiles/foster-multi-asset-investments-pty-ltd.4e3068472e79416eda01c05d72f721cd"
"8","EMERGENCY FIRE & HYDRANT SERVICES","Other Miscellaneous Retailers","Independent","Bengaluru, Karnataka, India","https://dnb.com/business-directory/company-profiles/emergency-fire--hydrant-services.612c0c39590a4e51d00c893ac1869ba1"
"9","FIRE HYDRANT ZONE (PTY) LTD","Business Support Services","Independent","ESHOWE, KWA-ZULU NATAL, South Africa","https://dnb.com/business-directory/company-profiles/fire-hydrant-zone-(pty)-ltd.ee52b3029767f1078e1f4f5066b6ebff"
"10","Stan's Fire Hydrant & Valve Services","Other Support Services","Independent","Baxters Corner, NB, Canada","https://dnb.com/business-directory/company-profiles/stans-fire-hydrant--valve-services.7ffebb777dc859d25059a79204c0a61f"
"11","BUTLER'S FIRE HYDRANT SOLUTIONS L.L.C.","Other General Purpose Machinery Manufacturing","Independent","Gaithersburg, MD, United States","https://dnb.com/business-directory/company-profiles/butlers-fire-hydrant-solutions-llc.c5a3bac9fbc8c4cced369ca5157fc2e9"
"12","Ontario Fire Hydrant Services Limited","Other Fabricated Metal Product Manufacturing","Independent","Mississauga, ON, Canada","https://dnb.com/business-directory/company-profiles/ontario-fire-hydrant-services-limited.b3bc916747ba420ddbbd9279538a3c0e"
"13","Pacific Fire Hydrant Inspection Service","Support Activities for Road Transportation","Independent","Nanaimo, BC, Canada","https://dnb.com/business-directory/company-profiles/pacific-fire-hydrant-inspection-service.964b0d147c9fafcc23ba2c535c720d90"
"14","Mr. Hydrant Fire Safety and Services","Other Fabricated Metal Product Manufacturing","Independent","Surat, Gujarat, India","https://dnb.com/business-directory/company-profiles/mr-hydrant-fire-safety-and-services.bf26228dfb14d4517d8943e1d717e89f"
"15","FIRE HYDRANT SERVICES & CONSTRUCTION INC","Utility System Construction","Independent","Las Vegas, NV, United States","https://dnb.com/business-directory/company-profiles/fire-hydrant-services--construction-inc.826187255fe52813c13edb4a5d3b59f9"
"16","HONG-YEAR FIRE PROTECTION CO., LTD.","Other Specialty Trade Contractors","Independent","Ji’an Township, Hualien, Taiwan","https://dnb.com/business-directory/company-profiles/hong-year-fire-protection-co-ltd.32deedb849b0abe9268976863d482c08"
"17","Fire Hydrant Repair & Service LLC","Personal and Household Goods Repair and Maintenance","Independent","San Antonio, TX, United States","https://dnb.com/business-directory/company-profiles/fire-hydrant-repair--service-llc.11758250e65797fe7035a62164b1d6f6"
"18","HYDRANT FIRE ENGINEERING SERVICES","Other Personal Services","Independent","Nagapattinam, Tamil Nadu, India","https://dnb.com/business-directory/company-profiles/hydrant-fire-engineering-services.bad7eb397e25784ef7c582dcab0821c7"
"19","Cache Valley Fire Hydrant Service LLC","Services to Buildings and Dwellings","Independent","Smithfield, UT, United States","https://dnb.com/business-directory/company-profiles/cache-valley-fire-hydrant-service-llc.431c6f06a01082b64903f54af7c3bc69"
"20","FIRE HYDRANT UNLIMITED AND UNDERGROUND U...","Spring and Wire Product Manufacturing","Independent","Jacksonville, FL, United States","https://dnb.com/business-directory/company-profiles/fire-hydrant-unlimited-and-underground-utilities-inc.f8f2e808b4666c85a1d905137be0f398"
"21","T&R FIRE HYDRANT SERVICING I","Support Activities for Mining","Independent","Largo, FL, United States","https://dnb.com/business-directory/company-profiles/tr-fire-hydrant-servicing-i.360a3c20be8ee754e244d772c3507b07"
"22","N and N International","Miscellaneous Durable Goods Merchant Wholesalers","Independent","Miami, FL, United States","https://dnb.com/business-directory/company-profiles/n-and-n-international.ad6e91704423d66d0364b422656684f1"
"23","Aquarius Fire Hydrant","Other Support Services","Independent","Beaconia, MB, Canada","https://dnb.com/business-directory/company-profiles/aquarius-fire-hydrant.bee8363974555f12c31f137024e4a246"
"24","Samsung Fire-Electric Company","Building Equipment Contractors","Independent","Changwon, Gyeongnam, Republic Of Korea","https://dnb.com/business-directory/company-profiles/samsung-fire-electric-company.6f41dcdb45cc8df8384354c30b1d8e99"
"25","Changsha Yuhua District Changsheng Fire ...","Machinery, Equipment, and Supplies Merchant Wholesalers","Independent","Changsha, Hunan, China","https://dnb.com/business-directory/company-profiles/changsha-yuhua-district-changsheng-fire-hydrant-suitcase-factory.6bcb757eb49f2833c737ab4b2daf2b7e"
"26","Fire Hydrant, The","Support Activities for Animal Production","Independent","Thunder Bay, ON, Canada","https://dnb.com/business-directory/company-profiles/fire-hydrant-the.fd22cb10dc63364734d013d637ebf9f7"
"27","FIRE HYDRANT AND INTERIOR WORKS","Other Fabricated Metal Product Manufacturing","Independent","Hyderabad, Telangana, India","https://dnb.com/business-directory/company-profiles/fire-hydrant-and-interior-works.85547ccc288cbaae7fd8569a24cc26ec"
"28","FIRE HYDRANT PET SITTING CO., LLC","Other Personal Services","Independent","Pomona, CA, United States","https://dnb.com/business-directory/company-profiles/fire-hydrant-pet-sitting-co-llc.1bc9f89c80ddb78c151eecd6c17c086f"
"29","Fire Hydrant, The","Cattle Ranching and Farming","Independent","Edmonton, AB, Canada","https://dnb.com/business-directory/company-profiles/fire-hydrant-the.cf13c11a6d2189250eaf72302fc08b70"
"30","REGIONAL FIRE HYDRANT AND VALVE SERVICE,...","Other Fabricated Metal Product Manufacturing","Independent","Connellsville, PA, United States","https://dnb.com/business-directory/company-profiles/regional-fire-hydrant-and-valve-service-llc.d77d3f6060afd8c5bf3a1644b7a43b4c"
"31","KAOHSIUNG HYDRANT & FIRE PREVENTED EQUIP...","Business, Professional, Labor, Political, and Similar Organizations","Independent","Kaohsiung City, Kaohsiung, Taiwan","https://dnb.com/business-directory/company-profiles/kaohsiung-hydrant--fire-prevented-equipment-busin.beb18d1a8be9e18cabe626182a7b7ee9"
"32","Fire Hydrant Studios","Independent Artists, Writers, and Performers","Independent","Los Angeles, CA, United States","https://dnb.com/business-directory/company-profiles/fire-hydrant-studios.66e8c003585150790cd637af687b0d8d"
"33","FIRE HYDRANT SOLUTION","Other Fabricated Metal Product Manufacturing","Independent","North 24 Parganas, West Bengal, India","https://dnb.com/business-directory/company-profiles/fire-hydrant-solution.26a2e705ba769b621b7824d507add2a9"
"34","SANT FIRE HYDRANT SECORITY SYSTEM","Other Fabricated Metal Product Manufacturing","Independent","Chandauli, Uttar Pradesh, India","https://dnb.com/business-directory/company-profiles/sant-fire-hydrant-secority-system.3a0a25351d54a1d57b0abb612e8c26ff"
"35","SPARTAN FIRE HYDRANT FUND LLC","Social Advocacy Organizations","Independent","Oceanside, NY, United States","https://dnb.com/business-directory/company-profiles/spartan-fire-hydrant-fund-llc.56d5e0e8768c069f92fd838e95c6e1d9"
"36","AMERICAN FIRE HYDRANT REP","Other General Purpose Machinery Manufacturing","Independent","Alachua, FL, United States","https://dnb.com/business-directory/company-profiles/american-fire-hydrant-rep.d749f79f441688201f74f8747f39815c"
"37","FIRE FLOW FIRE HYDRANT TESTING SERVICE","Educational Support Services","Independent","Manitou Springs, CO, United States","https://dnb.com/business-directory/company-profiles/fire-flow-fire-hydrant-testing-service.8d717ed12cd7b6b33868ff13ed027618"
"38","Commercial Fire Hydrant Service","Building Equipment Contractors","Independent","New Smyrna Beach, FL, United States","https://dnb.com/business-directory/company-profiles/commercial-fire-hydrant-service.7003239aef9f6513d2fd5f9c99b7b97e"
"39","Fire Hydrant Services and Repair","Nonresidential Building Construction","Independent","Lockesburg, AR, United States","https://dnb.com/business-directory/company-profiles/fire-hydrant-services-and-repair.a8798e0d95f5afb7f504b7c35ed3c50e"
"40","FIRE HYDRANT SPA LLC","Other Amusement and Recreation Industries","Independent","Naples, FL, United States","https://dnb.com/business-directory/company-profiles/fire-hydrant-spa-llc.e5336e107ba74d61b56431e9f98860f6"
"41","FIRE HYDRANT SERVICES, INC.","Machinery, Equipment, and Supplies Merchant Wholesalers","Independent","Norristown, PA, United States","https://dnb.com/business-directory/company-profiles/fire-hydrant-services-inc.e8df3024ed4fb554e0910d54ccb2fbe2"
"42","FIRE HYDRANT MANAGEMENT, LLC","Office Administrative Services","Independent","Vinton, VA, United States","https://dnb.com/business-directory/company-profiles/fire-hydrant-management-llc.7ce2af0a6e93ea7c0a55f247332a196f"
"43","ISLAND FIRE HYDRANT SERVICE LLC","Services to Buildings and Dwellings","Independent","Waimanalo, HI, United States","https://dnb.com/business-directory/company-profiles/island-fire-hydrant-service-llc.8aadd4b52835bd88f29853bb513d0374"
"44","Texas Fire Hydrant & Backflow","Architectural, Engineering, and Related Services","Parent","Pflugerville, TX, United States","https://dnb.com/business-directory/company-profiles/texas-fire-hydrant--backflow.26f6ae288f4fc3458494f263ee874306"
"45","FIRE FLOW FIRE HYDRANT TESTING & MAINTEN...","Other Professional, Scientific, and Technical Services","Independent","Colorado Springs, CO, United States","https://dnb.com/business-directory/company-profiles/fire-flow-fire-hydrant-testing--maintenance-services-llc.ac03625f1d1dc123c1ab3535c8d1e1cf"
"46","A+ HYDRANT & FIRE PROTECTION, LLC.","Other Support Services","Independent","Georgetown, TX, United States","https://dnb.com/business-directory/company-profiles/a-hydrant--fire-protection-llc.14a9da1deb6de0fa34e25e1cf639e629"
"47","ACTION FIRE HYDRANT SERVICE, LLC","Other Professional, Scientific, and Technical Services","Independent","Louisville, CO, United States","https://dnb.com/business-directory/company-profiles/action-fire-hydrant-service-llc.5b117421f20c3bac2ae7a097092d56ce"
"48","The Fire Hydrant LLC","","Independent","Osterburg, PA, United States","https://dnb.com/business-directory/company-profiles/the-fire-hydrant-llc.8798684d2fcbecf5b1eebceb78a43061"
"49","FIRE HYDRANT","Other Personal Services","Independent","Saint Louis, MO, United States","https://dnb.com/business-directory/company-profiles/fire-hydrant.5a42aea48cca792afbf524eb10e245c2"
"50","Fire Hydrant Servicing","Other Amusement and Recreation Industries","Independent","Irving, TX, United States","https://dnb.com/business-directory/company-profiles/fire-hydrant-servicing.1da48ebd6327818bc554e7412f1cf269"
"51","JOHN ROBERT MORRIS","","Independent","Watonga, OK, United States","https://dnb.com/business-directory/company-profiles/john-robert-morris.a7b266c9b24f9786b411d154a9450a42"
"52","FIRE HYDRANT SUPPLY LLC","Miscellaneous Durable Goods Merchant Wholesalers","Independent","Battle Creek, MI, United States","https://dnb.com/business-directory/company-profiles/fire-hydrant-supply-llc.e2ae831fad5d11c0d6994a6fc5024cf0"
"53","Chavez, Joe M","Building Finishing Contractors","Independent","Irving, TX, United States","https://dnb.com/business-directory/company-profiles/chavez-joe-m.aa9ed023bc318736a50ec673604f5252"
"54","FREE FLOW INC","Personal and Household Goods Repair and Maintenance","Independent","De Queen, AR, United States","https://dnb.com/business-directory/company-profiles/free-flow-inc.a208572d1e3a027ccfe22421f8b7d087"
"55","NORTH AMERICAN FIRE HYDRANT REGISTRY FOU...","Grantmaking and Giving Services","Independent","Syracuse, NY, United States","https://dnb.com/business-directory/company-profiles/north-american-fire-hydrant-registry-foundation-inc.bfc1bc8f3ef20fdb4adb3f6aff225ebe"
"56","THE FIRE HYDRANT HEALER, LLC","Other Ambulatory Health Care Services","Independent","Battle Ground, WA, United States","https://dnb.com/business-directory/company-profiles/the-fire-hydrant-healer-llc.a801dfe06af5af73bdf4d28bf9d1f36a"
"57","YELLOW FIRE HYDRANT PRODUCTIONS","Motion Picture and Video Industries","Independent","Altadena, CA, United States","https://dnb.com/business-directory/company-profiles/yellow-fire-hydrant-productions.ce7611f8f519bfca67662b88486488ac"
"58","Hodde Private Fire Hydrant Testing & Ins...","Other Professional, Scientific, and Technical Services","Independent","Coupland, TX, United States","https://dnb.com/business-directory/company-profiles/hodde-private-fire-hydrant-testing--inspection.1fd1184837a830e0e2c3038d11780f4e"
"59","FIRE HYDRANT PRO LLC","Other Support Services","Independent","Albuquerque, NM, United States","https://dnb.com/business-directory/company-profiles/fire-hydrant-pro-llc.a337570acb73e2f43badeeaeba2fb553"
"60","BLUE FIRE HYDRANT PHOTOGRAPHY, LLC","Other Professional, Scientific, and Technical Services","Independent","Takoma Park, MD, United States","https://dnb.com/business-directory/company-profiles/blue-fire-hydrant-photography-llc.ccd832609d5ddcf4b10be827ede04574"
"61","FIRE HYDRANT SOLUTIONS INC.","","Independent","Chicago, IL, United States","https://dnb.com/business-directory/company-profiles/fire-hydrant-solutions-inc.18efd7e77de57ad6b9a27be12936a884"
"62","AJ Fire Hydrant Wrenches llc","Automotive Repair and Maintenance","Independent","Pinon Hills, CA, United States","https://dnb.com/business-directory/company-profiles/aj-fire-hydrant-wrenches-llc.ee754ae3e7a10bd98a85ab1a32a55c8c"
"63","FIRE HYDRANT SPECIALTIES, LLC","Personal and Household Goods Repair and Maintenance","Independent","Ogden, UT, United States","https://dnb.com/business-directory/company-profiles/fire-hydrant-specialties-llc.2b5827a98f8f6d2c0949d266bbe2add9"
"64","RED FIRE HYDRANT, LLC","","Independent","Hilliard, OH, United States","https://dnb.com/business-directory/company-profiles/red-fire-hydrant-llc.cf999eec34625d89bfb0205a09f895b2"
"65","FIRE HYDRANT REPAIR LLC","Personal and Household Goods Repair and Maintenance","Independent","Cincinnati, OH, United States","https://dnb.com/business-directory/company-profiles/fire-hydrant-repair-llc.ddf564769186fc49d76a720343dc71c2"
"66","HYD-REPAIR FIRE HYDRANT SERVICE, LLC","Personal and Household Goods Repair and Maintenance","Independent","Charleston, WV, United States","https://dnb.com/business-directory/company-profiles/hyd-repair-fire-hydrant-service-llc.cad9ca3c8166bff907b1fa1f58389d40"
"67","THE FIRE HYDRANT","Other Personal Services","Independent","Roscoe, IL, United States","https://dnb.com/business-directory/company-profiles/the-fire-hydrant.00806486ceb93a10daef9467bc2a32e3"
"68","FIRE CONTROL HYDRANT MAINTENANCE INC","Services to Buildings and Dwellings","Independent","Land O Lakes, FL, United States","https://dnb.com/business-directory/company-profiles/fire-control-hydrant-maintenance-inc.e2bd02d9d62f6f3f3b650f722e273984"
"69","Aquarius Fire Hydrant Svc. Ltd.","Justice, Public Order, and Safety Activities","Independent","Winnipeg, MB, Canada","https://dnb.com/business-directory/company-profiles/aquarius-fire-hydrant-svc-ltd.5c019ef2ec5413c1a7c8fc1f8bbe1e3c"
"70","Ontario Fire Hydrant Service Ltd","Justice, Public Order, and Safety Activities","Independent","Scarborough, ON, Canada","https://dnb.com/business-directory/company-profiles/ontario-fire-hydrant-service-ltd.cd4b39b33b80bf8e464c9e696f5a840b"
"71","Aquarius Fire Hydrant Services","","Independent","Winnipeg, MB, Canada","https://dnb.com/business-directory/company-profiles/aquarius-fire-hydrant-services.bc7b42760f299e29dcdab5a69e151f07"
"72","Texas Fire Hydrant & Backflow","Architectural, Engineering, and Related Services","Branch","Pflugerville, TX, United States","https://dnb.com/business-directory/company-profiles/texas-fire-hydrant--backflow.a97761796533f8201809d4ef3c8937d5"
